genre,text,index,type,value
berlitz,data/oanc_xml/berlitz_HistoryDublin-hepple_clean.xml,global,v,0.4696511573448994
berlitz,data/oanc_xml/berlitz_HistoryDublin-hepple_clean.xml,global,e,0.0011629827674486124
berlitz,data/oanc_xml/berlitz_HistoryDublin-hepple_clean.xml,local,v,0.0846411156377103
berlitz,data/oanc_xml/berlitz_HistoryDublin-hepple_clean.xml,local,e,0.0023842557111868334
berlitz,data/oanc_xml/berlitz_HistoryDublin-hepple_clean.xml,pairwise,v,0.05713880438677926
berlitz,data/oanc_xml/berlitz_HistoryDublin-hepple_clean.xml,pairwise,e,0.0025277717942490297
berlitz,data/oanc_xml/berlitz_HistoryEdinburgh-hepple_clean.xml,global,v,0.5385395539529676
berlitz,data/oanc_xml/berlitz_HistoryEdinburgh-hepple_clean.xml,global,e,0.0010648882017985058
berlitz,data/oanc_xml/berlitz_HistoryEdinburgh-hepple_clean.xml,local,v,0.10200280365637412
berlitz,data/oanc_xml/berlitz_HistoryEdinburgh-hepple_clean.xml,local,e,0.0027517904976801216
berlitz,data/oanc_xml/berlitz_HistoryEdinburgh-hepple_clean.xml,pairwise,v,0.05555810239916148
berlitz,data/oanc_xml/berlitz_HistoryEdinburgh-hepple_clean.xml,pairwise,e,0.0024145803204396643
berlitz,data/oanc_xml/berlitz_HistoryEgypt-hepple_clean.xml,global,v,0.4895972927870533
berlitz,data/oanc_xml/berlitz_HistoryEgypt-hepple_clean.xml,global,e,0.0014118187021591427
berlitz,data/oanc_xml/berlitz_HistoryEgypt-hepple_clean.xml,local,v,0.09364888024064122
berlitz,data/oanc_xml/berlitz_HistoryEgypt-hepple_clean.xml,local,e,0.0033545798011370563
berlitz,data/oanc_xml/berlitz_HistoryEgypt-hepple_clean.xml,pairwise,v,0.051687229202729314
berlitz,data/oanc_xml/berlitz_HistoryEgypt-hepple_clean.xml,pairwise,e,0.0025314821694194353
berlitz,data/oanc_xml/berlitz_HistoryFWI-hepple_clean.xml,global,v,0.4356684389277211
berlitz,data/oanc_xml/berlitz_HistoryFWI-hepple_clean.xml,global,e,0.0014252966307258532
berlitz,data/oanc_xml/berlitz_HistoryFWI-hepple_clean.xml,local,v,0.057214130697829844
berlitz,data/oanc_xml/berlitz_HistoryFWI-hepple_clean.xml,local,e,0.0026449644031173625
berlitz,data/oanc_xml/berlitz_HistoryFWI-hepple_clean.xml,pairwise,v,0.04966167320813074
berlitz,data/oanc_xml/berlitz_HistoryFWI-hepple_clean.xml,pairwise,e,0.0017816093473218867
berlitz,data/oanc_xml/berlitz_HistoryFrance-hepple_clean.xml,global,v,0.4987635108703977
berlitz,data/oanc_xml/berlitz_HistoryFrance-hepple_clean.xml,global,e,8.510192244548815e-4
berlitz,data/oanc_xml/berlitz_HistoryFrance-hepple_clean.xml,local,v,0.050443937878922665
berlitz,data/oanc_xml/berlitz_HistoryFrance-hepple_clean.xml,local,e,0.0014767716499839286
berlitz,data/oanc_xml/berlitz_HistoryFrance-hepple_clean.xml,pairwise,v,0.0339235291287668
berlitz,data/oanc_xml/berlitz_HistoryFrance-hepple_clean.xml,pairwise,e,0.0017979769117542831
berlitz,data/oanc_xml/berlitz_HistoryGreek-hepple_clean.xml,global,v,0.5057569410808519
berlitz,data/oanc_xml/berlitz_HistoryGreek-hepple_clean.xml,global,e,0.0015263333911339143
berlitz,data/oanc_xml/berlitz_HistoryGreek-hepple_clean.xml,local,v,0.06769950760588053
berlitz,data/oanc_xml/berlitz_HistoryGreek-hepple_clean.xml,local,e,0.004304815642833503
berlitz,data/oanc_xml/berlitz_HistoryGreek-hepple_clean.xml,pairwise,v,0.05275857807403449
berlitz,data/oanc_xml/berlitz_HistoryGreek-hepple_clean.xml,pairwise,e,0.003234778588432754
berlitz,data/oanc_xml/berlitz_HistoryHawaii-hepple_clean.xml,global,v,0.4693871330397241
berlitz,data/oanc_xml/berlitz_HistoryHawaii-hepple_clean.xml,global,e,0.00183373755147928
berlitz,data/oanc_xml/berlitz_HistoryHawaii-hepple_clean.xml,local,v,0.07605902057962784
berlitz,data/oanc_xml/berlitz_HistoryHawaii-hepple_clean.xml,local,e,0.003388841100748391
berlitz,data/oanc_xml/berlitz_HistoryHawaii-hepple_clean.xml,pairwise,v,0.04935840905064561
berlitz,data/oanc_xml/berlitz_HistoryHawaii-hepple_clean.xml,pairwise,e,0.0030289504353455095
berlitz,data/oanc_xml/berlitz_HistoryHongKong-hepple_clean.xml,global,v,0.4555094706834906
berlitz,data/oanc_xml/berlitz_HistoryHongKong-hepple_clean.xml,global,e,0.0015422205851993156
berlitz,data/oanc_xml/berlitz_HistoryHongKong-hepple_clean.xml,local,v,0.09877299064943217
berlitz,data/oanc_xml/berlitz_HistoryHongKong-hepple_clean.xml,local,e,0.0035351033571010414
berlitz,data/oanc_xml/berlitz_HistoryHongKong-hepple_clean.xml,pairwise,v,0.06182174240477831
berlitz,data/oanc_xml/berlitz_HistoryHongKong-hepple_clean.xml,pairwise,e,0.00230042822831553
berlitz,data/oanc_xml/berlitz_HistoryIbiza-hepple_clean.xml,global,v,0.37292012001195596
berlitz,data/oanc_xml/berlitz_HistoryIbiza-hepple_clean.xml,global,e,0.0010020972227948398
berlitz,data/oanc_xml/berlitz_HistoryIbiza-hepple_clean.xml,local,v,0.07282689896104004
berlitz,data/oanc_xml/berlitz_HistoryIbiza-hepple_clean.xml,local,e,0.001981720809324302
berlitz,data/oanc_xml/berlitz_HistoryIbiza-hepple_clean.xml,pairwise,v,0.052572445766608494
berlitz,data/oanc_xml/berlitz_HistoryIbiza-hepple_clean.xml,pairwise,e,0.0017375735834081953
berlitz,data/oanc_xml/berlitz_HistoryIndia-hepple_clean.xml,global,v,0.5827449311317646
berlitz,data/oanc_xml/berlitz_HistoryIndia-hepple_clean.xml,global,e,6.447434887322105e-4
berlitz,data/oanc_xml/berlitz_HistoryIndia-hepple_clean.xml,local,v,0.068353930893545925
berlitz,data/oanc_xml/berlitz_HistoryIndia-hepple_clean.xml,local,e,0.0021528017704613915
berlitz,data/oanc_xml/berlitz_HistoryIndia-hepple_clean.xml,pairwise,v,0.035345645235599396
berlitz,data/oanc_xml/berlitz_HistoryIndia-hepple_clean.xml,pairwise,e,0.0019250387249332178
biomed,data/oanc_xml/biomed_1468-6708-3-1-hepple_clean.xml,global,v,0.7499584386199836
biomed,data/oanc_xml/biomed_1468-6708-3-1-hepple_clean.xml,global,e,0.0011047045088517448
biomed,data/oanc_xml/biomed_1468-6708-3-1-hepple_clean.xml,local,v,0.196625129447871
biomed,data/oanc_xml/biomed_1468-6708-3-1-hepple_clean.xml,local,e,0.003016246954489771
biomed,data/oanc_xml/biomed_1468-6708-3-1-hepple_clean.xml,pairwise,v,0.10015210575860316
biomed,data/oanc_xml/biomed_1468-6708-3-1-hepple_clean.xml,pairwise,e,0.002721757146504905
biomed,data/oanc_xml/biomed_1468-6708-3-10-hepple_clean.xml,global,v,0.7127961921875021
biomed,data/oanc_xml/biomed_1468-6708-3-10-hepple_clean.xml,global,e,7.204404625621736e-4
biomed,data/oanc_xml/biomed_1468-6708-3-10-hepple_clean.xml,local,v,0.180119990809087
biomed,data/oanc_xml/biomed_1468-6708-3-10-hepple_clean.xml,local,e,0.0014603420928936204
biomed,data/oanc_xml/biomed_1468-6708-3-10-hepple_clean.xml,pairwise,v,0.10309721101865031
biomed,data/oanc_xml/biomed_1468-6708-3-10-hepple_clean.xml,pairwise,e,0.001089165084102333
biomed,data/oanc_xml/biomed_1468-6708-3-3-hepple_clean.xml,global,v,0.6617834867247003
biomed,data/oanc_xml/biomed_1468-6708-3-3-hepple_clean.xml,global,e,6.7735911179211e-4
biomed,data/oanc_xml/biomed_1468-6708-3-3-hepple_clean.xml,local,v,0.1367244156611299
biomed,data/oanc_xml/biomed_1468-6708-3-3-hepple_clean.xml,local,e,0.0017839744573555354
biomed,data/oanc_xml/biomed_1468-6708-3-3-hepple_clean.xml,pairwise,v,0.08269367436873853
biomed,data/oanc_xml/biomed_1468-6708-3-3-hepple_clean.xml,pairwise,e,0.0013245491660018058
biomed,data/oanc_xml/biomed_1468-6708-3-4-hepple_clean.xml,global,v,0.7195717070785075
biomed,data/oanc_xml/biomed_1468-6708-3-4-hepple_clean.xml,global,e,0.001402204231324131
biomed,data/oanc_xml/biomed_1468-6708-3-4-hepple_clean.xml,local,v,0.17705123466224063
biomed,data/oanc_xml/biomed_1468-6708-3-4-hepple_clean.xml,local,e,0.0033038072525784956
biomed,data/oanc_xml/biomed_1468-6708-3-4-hepple_clean.xml,pairwise,v,0.0989636871403707
biomed,data/oanc_xml/biomed_1468-6708-3-4-hepple_clean.xml,pairwise,e,0.003282309994226049
biomed,data/oanc_xml/biomed_1468-6708-3-7-hepple_clean.xml,global,v,0.6489235027530358
biomed,data/oanc_xml/biomed_1468-6708-3-7-hepple_clean.xml,global,e,0.0010783553689303774
biomed,data/oanc_xml/biomed_1468-6708-3-7-hepple_clean.xml,local,v,0.1788042304481976
biomed,data/oanc_xml/biomed_1468-6708-3-7-hepple_clean.xml,local,e,0.002173973511218173
biomed,data/oanc_xml/biomed_1468-6708-3-7-hepple_clean.xml,pairwise,v,0.09396647113517163
biomed,data/oanc_xml/biomed_1468-6708-3-7-hepple_clean.xml,pairwise,e,0.001787498601918515
biomed,data/oanc_xml/biomed_1471-213X-1-1-hepple_clean.xml,global,v,0.6944489157169195
biomed,data/oanc_xml/biomed_1471-213X-1-1-hepple_clean.xml,global,e,9.646392730545942e-4
biomed,data/oanc_xml/biomed_1471-213X-1-1-hepple_clean.xml,local,v,0.21046260675472772
biomed,data/oanc_xml/biomed_1471-213X-1-1-hepple_clean.xml,local,e,0.002086086731222801
biomed,data/oanc_xml/biomed_1471-213X-1-1-hepple_clean.xml,pairwise,v,0.12454068677189983
biomed,data/oanc_xml/biomed_1471-213X-1-1-hepple_clean.xml,pairwise,e,0.0012620716510620097
biomed,data/oanc_xml/biomed_1471-213X-1-2-hepple_clean.xml,global,v,0.7625895839367998
biomed,data/oanc_xml/biomed_1471-213X-1-2-hepple_clean.xml,global,e,9.542013842374002e-4
biomed,data/oanc_xml/biomed_1471-213X-1-2-hepple_clean.xml,local,v,0.22386334259634086
biomed,data/oanc_xml/biomed_1471-213X-1-2-hepple_clean.xml,local,e,0.0024868452695669192
biomed,data/oanc_xml/biomed_1471-213X-1-2-hepple_clean.xml,pairwise,v,0.07652817873590605
biomed,data/oanc_xml/biomed_1471-213X-1-2-hepple_clean.xml,pairwise,e,0.0021069104562079404
biomed,data/oanc_xml/biomed_1471-213X-1-3-hepple_clean.xml,global,v,0.7706942987830884
biomed,data/oanc_xml/biomed_1471-213X-1-3-hepple_clean.xml,global,e,0.0011279886612153096
biomed,data/oanc_xml/biomed_1471-213X-1-3-hepple_clean.xml,local,v,0.18209405293828151
biomed,data/oanc_xml/biomed_1471-213X-1-3-hepple_clean.xml,local,e,0.0031753264422302425
biomed,data/oanc_xml/biomed_1471-213X-1-3-hepple_clean.xml,pairwise,v,0.09396393022604857
biomed,data/oanc_xml/biomed_1471-213X-1-3-hepple_clean.xml,pairwise,e,0.0018365153407178222
biomed,data/oanc_xml/biomed_1471-213X-1-4-hepple_clean.xml,global,v,0.6981765909740162
biomed,data/oanc_xml/biomed_1471-213X-1-4-hepple_clean.xml,global,e,7.280229400584888e-4
biomed,data/oanc_xml/biomed_1471-213X-1-4-hepple_clean.xml,local,v,0.2342852153984912
biomed,data/oanc_xml/biomed_1471-213X-1-4-hepple_clean.xml,local,e,8.90941515752949e-4
biomed,data/oanc_xml/biomed_1471-213X-1-4-hepple_clean.xml,pairwise,v,0.10662321286436369
biomed,data/oanc_xml/biomed_1471-213X-1-4-hepple_clean.xml,pairwise,e,0.0010534725709943446
biomed,data/oanc_xml/biomed_1471-213X-1-6-hepple_clean.xml,global,v,0.6941689488247822
biomed,data/oanc_xml/biomed_1471-213X-1-6-hepple_clean.xml,global,e,7.012931411437582e-4
biomed,data/oanc_xml/biomed_1471-213X-1-6-hepple_clean.xml,local,v,0.08272366264626327
biomed,data/oanc_xml/biomed_1471-213X-1-6-hepple_clean.xml,local,e,0.00452746842512589
biomed,data/oanc_xml/biomed_1471-213X-1-6-hepple_clean.xml,pairwise,v,0.038959916481194255
biomed,data/oanc_xml/biomed_1471-213X-1-6-hepple_clean.xml,pairwise,e,0.0033114243994994963
icic,data/oanc_xml/icic_102CTL002-hepple_clean.xml,global,v,0.3464229894856493
icic,data/oanc_xml/icic_102CTL002-hepple_clean.xml,global,e,0.0049481447784568665
icic,data/oanc_xml/icic_102CTL002-hepple_clean.xml,local,v,0.1321078431372549
icic,data/oanc_xml/icic_102CTL002-hepple_clean.xml,local,e,0.004296066252587992
icic,data/oanc_xml/icic_102CTL002-hepple_clean.xml,pairwise,v,0.09015774293907286
icic,data/oanc_xml/icic_102CTL002-hepple_clean.xml,pairwise,e,0.008111384239453063
icic,data/oanc_xml/icic_102CTL003-hepple_clean.xml,global,v,0.4057572761377109
icic,data/oanc_xml/icic_102CTL003-hepple_clean.xml,global,e,0.0022058908846189548
icic,data/oanc_xml/icic_102CTL003-hepple_clean.xml,local,v,0.18131628838150576
icic,data/oanc_xml/icic_102CTL003-hepple_clean.xml,local,e,0.0037915177294262263
icic,data/oanc_xml/icic_102CTL003-hepple_clean.xml,pairwise,v,0.1523092191076381
icic,data/oanc_xml/icic_102CTL003-hepple_clean.xml,pairwise,e,0.003718973027518164
icic,data/oanc_xml/icic_102CTL004-hepple_clean.xml,global,v,0.3665469631378722
icic,data/oanc_xml/icic_102CTL004-hepple_clean.xml,global,e,0.004520065072013124
icic,data/oanc_xml/icic_102CTL004-hepple_clean.xml,local,v,0.22067755476846385
icic,data/oanc_xml/icic_102CTL004-hepple_clean.xml,local,e,0.0065656565656565654
icic,data/oanc_xml/icic_102CTL004-hepple_clean.xml,pairwise,v,0.17978551751279023
icic,data/oanc_xml/icic_102CTL004-hepple_clean.xml,pairwise,e,0.011611135978019094
icic,data/oanc_xml/icic_103C-L055-hepple_clean.xml,global,v,0.3135321275946276
icic,data/oanc_xml/icic_103C-L055-hepple_clean.xml,global,e,0.005690211307237131
icic,data/oanc_xml/icic_103C-L055-hepple_clean.xml,local,v,0.05902205433455433
icic,data/oanc_xml/icic_103C-L055-hepple_clean.xml,local,e,0.016940670289855072
icic,data/oanc_xml/icic_103C-L055-hepple_clean.xml,pairwise,v,0.09229192104192105
icic,data/oanc_xml/icic_103C-L055-hepple_clean.xml,pairwise,e,0.006637937562303504
icic,data/oanc_xml/icic_103C-L056-hepple_clean.xml,global,v,0.4176102957545805
icic,data/oanc_xml/icic_103C-L056-hepple_clean.xml,global,e,0.0031689639771279184
icic,data/oanc_xml/icic_103C-L056-hepple_clean.xml,local,v,0.15828373015873015
icic,data/oanc_xml/icic_103C-L056-hepple_clean.xml,local,e,0.006041042626187553
icic,data/oanc_xml/icic_103C-L056-hepple_clean.xml,pairwise,v,0.06559745548033119
icic,data/oanc_xml/icic_103C-L056-hepple_clean.xml,pairwise,e,0.0033531144472230545
icic,data/oanc_xml/icic_105CWL038-hepple_clean.xml,global,v,0.39414011914011915
icic,data/oanc_xml/icic_105CWL038-hepple_clean.xml,global,e,0.0030446368988035653
icic,data/oanc_xml/icic_105CWL038-hepple_clean.xml,local,v,0.19611915861915863
icic,data/oanc_xml/icic_105CWL038-hepple_clean.xml,local,e,0.004419191919191919
icic,data/oanc_xml/icic_105CWL038-hepple_clean.xml,pairwise,v,0.17024873274873276
icic,data/oanc_xml/icic_105CWL038-hepple_clean.xml,pairwise,e,0.004502795175453127
icic,data/oanc_xml/icic_105CWL039-hepple_clean.xml,global,v,0.3288858363858364
icic,data/oanc_xml/icic_105CWL039-hepple_clean.xml,global,e,0.0020571824715805358
icic,data/oanc_xml/icic_105CWL039-hepple_clean.xml,local,v,0.09759259259259259
icic,data/oanc_xml/icic_105CWL039-hepple_clean.xml,local,e,0.0013212977498691784
icic,data/oanc_xml/icic_105CWL039-hepple_clean.xml,pairwise,v,0.10664777021919879
icic,data/oanc_xml/icic_105CWL039-hepple_clean.xml,pairwise,e,0.003221852473553154
icic,data/oanc_xml/icic_105CWL061-hepple_clean.xml,global,v,0.23523133729016082
icic,data/oanc_xml/icic_105CWL061-hepple_clean.xml,global,e,0.002238803649762554
icic,data/oanc_xml/icic_105CWL061-hepple_clean.xml,local,v,0.11166490372372725
icic,data/oanc_xml/icic_105CWL061-hepple_clean.xml,local,e,0.003926767676767677
icic,data/oanc_xml/icic_105CWL061-hepple_clean.xml,pairwise,v,0.09771984007278126
icic,data/oanc_xml/icic_105CWL061-hepple_clean.xml,pairwise,e,0.007719055635722303
icic,data/oanc_xml/icic_105CWL062-hepple_clean.xml,global,v,0.2777634839360845
icic,data/oanc_xml/icic_105CWL062-hepple_clean.xml,global,e,0.0026608515523609865
icic,data/oanc_xml/icic_105CWL062-hepple_clean.xml,local,v,0.17242820711280463
icic,data/oanc_xml/icic_105CWL062-hepple_clean.xml,local,e,0.00395698051948052
icic,data/oanc_xml/icic_105CWL062-hepple_clean.xml,pairwise,v,0.1643134342437748
icic,data/oanc_xml/icic_105CWL062-hepple_clean.xml,pairwise,e,0.002578675701049651
icic,data/oanc_xml/icic_105Cwl040-hepple_clean.xml,global,v,0.14205128205128206
icic,data/oanc_xml/icic_105Cwl040-hepple_clean.xml,global,e,0.0016308611826274253
icic,data/oanc_xml/icic_105Cwl040-hepple_clean.xml,local,v,0.06435897435897436
icic,data/oanc_xml/icic_105Cwl040-hepple_clean.xml,local,e,0.0018181818181818182
icic,data/oanc_xml/icic_105Cwl040-hepple_clean.xml,pairwise,v,0.05663903997237331
icic,data/oanc_xml/icic_105Cwl040-hepple_clean.xml,pairwise,e,0.0018947053914374176
media,data/oanc_xml/media_5_Legal_Groups-hepple_clean.xml,global,v,0.362339345631772
media,data/oanc_xml/media_5_Legal_Groups-hepple_clean.xml,global,e,0.0019790070839810882
media,data/oanc_xml/media_5_Legal_Groups-hepple_clean.xml,local,v,0.1211957767182171
media,data/oanc_xml/media_5_Legal_Groups-hepple_clean.xml,local,e,0.0011826600776444036
media,data/oanc_xml/media_5_Legal_Groups-hepple_clean.xml,pairwise,v,0.07479095664829986
media,data/oanc_xml/media_5_Legal_Groups-hepple_clean.xml,pairwise,e,0.002424320582816215
media,data/oanc_xml/media_A_Perk_of_Age-hepple_clean.xml,global,v,0.2830670758542786
media,data/oanc_xml/media_A_Perk_of_Age-hepple_clean.xml,global,e,0.001373413288791668
media,data/oanc_xml/media_A_Perk_of_Age-hepple_clean.xml,local,v,0.04599367769637723
media,data/oanc_xml/media_A_Perk_of_Age-hepple_clean.xml,local,e,0.0012616173598182594
media,data/oanc_xml/media_A_Perk_of_Age-hepple_clean.xml,pairwise,v,0.04904729202549151
media,data/oanc_xml/media_A_Perk_of_Age-hepple_clean.xml,pairwise,e,0.004409472705757972
media,data/oanc_xml/media_A_helping_hand-hepple_clean.xml,global,v,0.4765292389324897
media,data/oanc_xml/media_A_helping_hand-hepple_clean.xml,global,e,0.002134353131701213
media,data/oanc_xml/media_A_helping_hand-hepple_clean.xml,local,v,0.10309984655959888
media,data/oanc_xml/media_A_helping_hand-hepple_clean.xml,local,e,0.004216798288489465
media,data/oanc_xml/media_A_helping_hand-hepple_clean.xml,pairwise,v,0.06393487696023852
media,data/oanc_xml/media_A_helping_hand-hepple_clean.xml,pairwise,e,0.005853592885940102
media,data/oanc_xml/media_Abuse_penalties-hepple_clean.xml,global,v,0.5053228956618222
media,data/oanc_xml/media_Abuse_penalties-hepple_clean.xml,global,e,0.0020477013469228514
media,data/oanc_xml/media_Abuse_penalties-hepple_clean.xml,local,v,0.16748007350025113
media,data/oanc_xml/media_Abuse_penalties-hepple_clean.xml,local,e,0.002373698970416807
media,data/oanc_xml/media_Abuse_penalties-hepple_clean.xml,pairwise,v,0.08741424560467012
media,data/oanc_xml/media_Abuse_penalties-hepple_clean.xml,pairwise,e,0.003564420438639813
media,data/oanc_xml/media_Advocate_for_Poor-hepple_clean.xml,global,v,0.3939572300053244
media,data/oanc_xml/media_Advocate_for_Poor-hepple_clean.xml,global,e,0.0031541398248836543
media,data/oanc_xml/media_Advocate_for_Poor-hepple_clean.xml,local,v,0.10014430014430015
media,data/oanc_xml/media_Advocate_for_Poor-hepple_clean.xml,local,e,0.009630275132359254
media,data/oanc_xml/media_Advocate_for_Poor-hepple_clean.xml,pairwise,v,0.06406031815676617
media,data/oanc_xml/media_Advocate_for_Poor-hepple_clean.xml,pairwise,e,0.007036867164718017
media,data/oanc_xml/media_Aid_Gets_7_Million-hepple_clean.xml,global,v,0.4165881725200611
media,data/oanc_xml/media_Aid_Gets_7_Million-hepple_clean.xml,global,e,0.002473487337563876
media,data/oanc_xml/media_Aid_Gets_7_Million-hepple_clean.xml,local,v,0.10063387615709597
media,data/oanc_xml/media_Aid_Gets_7_Million-hepple_clean.xml,local,e,0.0026257236227824462
media,data/oanc_xml/media_Aid_Gets_7_Million-hepple_clean.xml,pairwise,v,0.07075129989835872
media,data/oanc_xml/media_Aid_Gets_7_Million-hepple_clean.xml,pairwise,e,0.0035272302296494723
media,data/oanc_xml/media_All_May_Have_Justice-hepple_clean.xml,global,v,0.4241180150954587
media,data/oanc_xml/media_All_May_Have_Justice-hepple_clean.xml,global,e,0.002016449602978769
media,data/oanc_xml/media_All_May_Have_Justice-hepple_clean.xml,local,v,0.09612071303800628
media,data/oanc_xml/media_All_May_Have_Justice-hepple_clean.xml,local,e,0.003970454169481149
media,data/oanc_xml/media_All_May_Have_Justice-hepple_clean.xml,pairwise,v,0.07438945487817668
media,data/oanc_xml/media_All_May_Have_Justice-hepple_clean.xml,pairwise,e,0.0029449718477428414
media,data/oanc_xml/media_Annual_Fee-hepple_clean.xml,global,v,0.4399895830502238
media,data/oanc_xml/media_Annual_Fee-hepple_clean.xml,global,e,0.003037314220973164
media,data/oanc_xml/media_Annual_Fee-hepple_clean.xml,local,v,0.1451665132900831
media,data/oanc_xml/media_Annual_Fee-hepple_clean.xml,local,e,0.0024589091547247807
media,data/oanc_xml/media_Annual_Fee-hepple_clean.xml,pairwise,v,0.11486476405457705
media,data/oanc_xml/media_Annual_Fee-hepple_clean.xml,pairwise,e,0.0028074490861897737
media,data/oanc_xml/media_Anthem_Payout-hepple_clean.xml,global,v,0.47535572552921695
media,data/oanc_xml/media_Anthem_Payout-hepple_clean.xml,global,e,0.0018365026828561753
media,data/oanc_xml/media_Anthem_Payout-hepple_clean.xml,local,v,0.08395349132308066
media,data/oanc_xml/media_Anthem_Payout-hepple_clean.xml,local,e,0.003399508539412365
media,data/oanc_xml/media_Anthem_Payout-hepple_clean.xml,pairwise,v,0.07905147278850362
media,data/oanc_xml/media_Anthem_Payout-hepple_clean.xml,pairwise,e,0.004741757154248787
media,data/oanc_xml/media_agency_expands-hepple_clean.xml,global,v,0.3905562238186077
media,data/oanc_xml/media_agency_expands-hepple_clean.xml,global,e,0.0018691217233184794
media,data/oanc_xml/media_agency_expands-hepple_clean.xml,local,v,0.1691341209530064
media,data/oanc_xml/media_agency_expands-hepple_clean.xml,local,e,0.0025363453764310154
media,data/oanc_xml/media_agency_expands-hepple_clean.xml,pairwise,v,0.1021130657285274
media,data/oanc_xml/media_agency_expands-hepple_clean.xml,pairwise,e,0.0037919538156152193
plos,data/oanc_xml/plos_journal.pbio.0020001-hepple_clean.xml,global,v,0.6706881696830489
plos,data/oanc_xml/plos_journal.pbio.0020001-hepple_clean.xml,global,e,9.808083795580498e-4
plos,data/oanc_xml/plos_journal.pbio.0020001-hepple_clean.xml,local,v,0.2107955687994896
plos,data/oanc_xml/plos_journal.pbio.0020001-hepple_clean.xml,local,e,0.001470503964350126
plos,data/oanc_xml/plos_journal.pbio.0020001-hepple_clean.xml,pairwise,v,0.1155986725081592
plos,data/oanc_xml/plos_journal.pbio.0020001-hepple_clean.xml,pairwise,e,0.001728606078407955
plos,data/oanc_xml/plos_journal.pbio.0020010-hepple_clean.xml,global,v,0.449229891404814
plos,data/oanc_xml/plos_journal.pbio.0020010-hepple_clean.xml,global,e,0.0023103524703387093
plos,data/oanc_xml/plos_journal.pbio.0020010-hepple_clean.xml,local,v,0.15592087301839624
plos,data/oanc_xml/plos_journal.pbio.0020010-hepple_clean.xml,local,e,0.0025554708359216034
plos,data/oanc_xml/plos_journal.pbio.0020010-hepple_clean.xml,pairwise,v,0.1345701423096504
plos,data/oanc_xml/plos_journal.pbio.0020010-hepple_clean.xml,pairwise,e,0.002780345377703202
plos,data/oanc_xml/plos_journal.pbio.0020012-hepple_clean.xml,global,v,0.5843349829752946
plos,data/oanc_xml/plos_journal.pbio.0020012-hepple_clean.xml,global,e,0.001240423052594826
plos,data/oanc_xml/plos_journal.pbio.0020012-hepple_clean.xml,local,v,0.10879110898196223
plos,data/oanc_xml/plos_journal.pbio.0020012-hepple_clean.xml,local,e,0.004384575449863398
plos,data/oanc_xml/plos_journal.pbio.0020012-hepple_clean.xml,pairwise,v,0.08039631516491418
plos,data/oanc_xml/plos_journal.pbio.0020012-hepple_clean.xml,pairwise,e,0.004595928913317031
plos,data/oanc_xml/plos_journal.pbio.0020013-hepple_clean.xml,global,v,0.546829111545769
plos,data/oanc_xml/plos_journal.pbio.0020013-hepple_clean.xml,global,e,6.85437843754609e-4
plos,data/oanc_xml/plos_journal.pbio.0020013-hepple_clean.xml,local,v,0.14325248373738583
plos,data/oanc_xml/plos_journal.pbio.0020013-hepple_clean.xml,local,e,0.001475623712491823
plos,data/oanc_xml/plos_journal.pbio.0020013-hepple_clean.xml,pairwise,v,0.07226530856090965
plos,data/oanc_xml/plos_journal.pbio.0020013-hepple_clean.xml,pairwise,e,0.0011835669464431806
plos,data/oanc_xml/plos_journal.pbio.0020019-hepple_clean.xml,global,v,0.6366038864402358
plos,data/oanc_xml/plos_journal.pbio.0020019-hepple_clean.xml,global,e,0.002287826246685992
plos,data/oanc_xml/plos_journal.pbio.0020019-hepple_clean.xml,local,v,0.2221996502190064
plos,data/oanc_xml/plos_journal.pbio.0020019-hepple_clean.xml,local,e,0.0034204909284151507
plos,data/oanc_xml/plos_journal.pbio.0020019-hepple_clean.xml,pairwise,v,0.10676708084904656
plos,data/oanc_xml/plos_journal.pbio.0020019-hepple_clean.xml,pairwise,e,0.002535102070466855
plos,data/oanc_xml/plos_journal.pbio.0020028-hepple_clean.xml,global,v,0.5950020422100235
plos,data/oanc_xml/plos_journal.pbio.0020028-hepple_clean.xml,global,e,0.0018341253824612634
plos,data/oanc_xml/plos_journal.pbio.0020028-hepple_clean.xml,local,v,0.12967049037206985
plos,data/oanc_xml/plos_journal.pbio.0020028-hepple_clean.xml,local,e,0.004256852844862109
plos,data/oanc_xml/plos_journal.pbio.0020028-hepple_clean.xml,pairwise,v,0.07889532528175304
plos,data/oanc_xml/plos_journal.pbio.0020028-hepple_clean.xml,pairwise,e,0.003550766879641693
plos,data/oanc_xml/plos_journal.pbio.0020035-hepple_clean.xml,global,v,0.583746178516126
plos,data/oanc_xml/plos_journal.pbio.0020035-hepple_clean.xml,global,e,0.002004080039113598
plos,data/oanc_xml/plos_journal.pbio.0020035-hepple_clean.xml,local,v,0.13251941472472148
plos,data/oanc_xml/plos_journal.pbio.0020035-hepple_clean.xml,local,e,0.0041035787943011545
plos,data/oanc_xml/plos_journal.pbio.0020035-hepple_clean.xml,pairwise,v,0.0810839383550854
plos,data/oanc_xml/plos_journal.pbio.0020035-hepple_clean.xml,pairwise,e,0.004684313380198978
plos,data/oanc_xml/plos_journal.pbio.0020040-hepple_clean.xml,global,v,0.5307603297418374
plos,data/oanc_xml/plos_journal.pbio.0020040-hepple_clean.xml,global,e,0.0015585310469136964
plos,data/oanc_xml/plos_journal.pbio.0020040-hepple_clean.xml,local,v,0.1574700249929779
plos,data/oanc_xml/plos_journal.pbio.0020040-hepple_clean.xml,local,e,0.0010918161596402058
plos,data/oanc_xml/plos_journal.pbio.0020040-hepple_clean.xml,pairwise,v,0.12806174872872947
plos,data/oanc_xml/plos_journal.pbio.0020040-hepple_clean.xml,pairwise,e,0.0029974876721019852
plos,data/oanc_xml/plos_journal.pbio.0020042-hepple_clean.xml,global,v,0.5203693292601568
plos,data/oanc_xml/plos_journal.pbio.0020042-hepple_clean.xml,global,e,0.0019279674085592097
plos,data/oanc_xml/plos_journal.pbio.0020042-hepple_clean.xml,local,v,0.13982537559556502
plos,data/oanc_xml/plos_journal.pbio.0020042-hepple_clean.xml,local,e,0.0025304768212058926
plos,data/oanc_xml/plos_journal.pbio.0020042-hepple_clean.xml,pairwise,v,0.0901501640561186
plos,data/oanc_xml/plos_journal.pbio.0020042-hepple_clean.xml,pairwise,e,0.0023422173006312154
plos,data/oanc_xml/plos_journal.pbio.0020043-hepple_clean.xml,global,v,0.5823338167647739
plos,data/oanc_xml/plos_journal.pbio.0020043-hepple_clean.xml,global,e,0.0017543369025263995
plos,data/oanc_xml/plos_journal.pbio.0020043-hepple_clean.xml,local,v,0.16745509976680922
plos,data/oanc_xml/plos_journal.pbio.0020043-hepple_clean.xml,local,e,0.0036945573572736905
plos,data/oanc_xml/plos_journal.pbio.0020043-hepple_clean.xml,pairwise,v,0.07712583280458718
plos,data/oanc_xml/plos_journal.pbio.0020043-hepple_clean.xml,pairwise,e,0.002546914698143597
pseudotext,pseudotext_01,global,v,0.2502802678998163
pseudotext,pseudotext_01,global,e,0.0013502862459440915
pseudotext,pseudotext_01,local,v,0.03700499854342341
pseudotext,pseudotext_01,local,e,0.005287171199872201
pseudotext,pseudotext_01,pairwise,v,0.02717125327422107
pseudotext,pseudotext_01,pairwise,e,0.0023797001925161946
pseudotext,pseudotext_02,global,v,0.25001700560758783
pseudotext,pseudotext_02,global,e,9.752681208578005e-4
pseudotext,pseudotext_02,local,v,0.047238728919002895
pseudotext,pseudotext_02,local,e,0.0024775770070045128
pseudotext,pseudotext_02,pairwise,v,0.031082180885242415
pseudotext,pseudotext_02,pairwise,e,0.002765774382551444
pseudotext,pseudotext_03,global,v,0.2231869080235841
pseudotext,pseudotext_03,global,e,0.0016204752885051338
pseudotext,pseudotext_03,local,v,0.04174964533517165
pseudotext,pseudotext_03,local,e,0.0018359661284740928
pseudotext,pseudotext_03,pairwise,v,0.03443301709784394
pseudotext,pseudotext_03,pairwise,e,0.0030908308208303023
pseudotext,pseudotext_04,global,v,0.2741572137384909
pseudotext,pseudotext_04,global,e,0.0010455266053991856
pseudotext,pseudotext_04,local,v,0.059077274242136005
pseudotext,pseudotext_04,local,e,0.0030663815162046623
pseudotext,pseudotext_04,pairwise,v,0.03379078110156181
pseudotext,pseudotext_04,pairwise,e,0.0030761490295845005
pseudotext,pseudotext_05,global,v,0.22320854159988285
pseudotext,pseudotext_05,global,e,0.0011000298765696298
pseudotext,pseudotext_05,local,v,0.04956752022789091
pseudotext,pseudotext_05,local,e,0.0011651934114340129
pseudotext,pseudotext_05,pairwise,v,0.0359686485407328
pseudotext,pseudotext_05,pairwise,e,0.00231618948764462
pseudotext,pseudotext_06,global,v,0.24222516609321348
pseudotext,pseudotext_06,global,e,0.0012833041012535748
pseudotext,pseudotext_06,local,v,0.050236722800190294
pseudotext,pseudotext_06,local,e,0.003549208050021865
pseudotext,pseudotext_06,pairwise,v,0.03259430206087693
pseudotext,pseudotext_06,pairwise,e,0.0021882427190001844
pseudotext,pseudotext_07,global,v,0.23933552559245408
pseudotext,pseudotext_07,global,e,0.00131588156272885
pseudotext,pseudotext_07,local,v,0.060032185718813934
pseudotext,pseudotext_07,local,e,0.0025284229831767954
pseudotext,pseudotext_07,pairwise,v,0.046797439881220516
pseudotext,pseudotext_07,pairwise,e,0.002790007108427998
pseudotext,pseudotext_08,global,v,0.23090106689649023
pseudotext,pseudotext_08,global,e,0.0013709984393751398
pseudotext,pseudotext_08,local,v,0.048013709666691225
pseudotext,pseudotext_08,local,e,0.0036397684315859977
pseudotext,pseudotext_08,pairwise,v,0.025232153604410973
pseudotext,pseudotext_08,pairwise,e,0.002522300588101516
pseudotext,pseudotext_09,global,v,0.2671505136546759
pseudotext,pseudotext_09,global,e,0.0014289297301866475
pseudotext,pseudotext_09,local,v,0.059066644798812275
pseudotext,pseudotext_09,local,e,0.0016841963792428188
pseudotext,pseudotext_09,pairwise,v,0.03895979805146527
pseudotext,pseudotext_09,pairwise,e,0.002415793772284115
pseudotext,pseudotext_10,global,v,0.2623520831992026
pseudotext,pseudotext_10,global,e,8.67365387049174e-4
pseudotext,pseudotext_10,local,v,0.054479109040254554
pseudotext,pseudotext_10,local,e,0.0029322784345007544
pseudotext,pseudotext_10,pairwise,v,0.04608636075520263
pseudotext,pseudotext_10,pairwise,e,0.0026459158943765893
pseudotext,pseudotext_11,global,v,0.2958199599178162
pseudotext,pseudotext_11,global,e,9.477929414214271e-4
pseudotext,pseudotext_11,local,v,0.06252929171567279
pseudotext,pseudotext_11,local,e,0.0038344086494454034
pseudotext,pseudotext_11,pairwise,v,0.04348600809904502
pseudotext,pseudotext_11,pairwise,e,0.002112965153584971
pseudotext,pseudotext_12,global,v,0.25469040996556475
pseudotext,pseudotext_12,global,e,0.0012676283093534253
pseudotext,pseudotext_12,local,v,0.05614867315060813
pseudotext,pseudotext_12,local,e,0.0024580825967396615
pseudotext,pseudotext_12,pairwise,v,0.04287185117031105
pseudotext,pseudotext_12,pairwise,e,0.002287127466260909
pseudotext,pseudotext_13,global,v,0.22905683029000434
pseudotext,pseudotext_13,global,e,0.0012496266548247797
pseudotext,pseudotext_13,local,v,0.049407590893524395
pseudotext,pseudotext_13,local,e,0.0029072407422573764
pseudotext,pseudotext_13,pairwise,v,0.032187316687192345
pseudotext,pseudotext_13,pairwise,e,0.00258581900705283
pseudotext,pseudotext_14,global,v,0.29033933928776146
pseudotext,pseudotext_14,global,e,0.0011904804570274157
pseudotext,pseudotext_14,local,v,0.05128238266901058
pseudotext,pseudotext_14,local,e,0.0036275709656663304
pseudotext,pseudotext_14,pairwise,v,0.04016724551378056
pseudotext,pseudotext_14,pairwise,e,0.0034367291131668816
pseudotext,pseudotext_15,global,v,0.2697650650953565
pseudotext,pseudotext_15,global,e,0.0010279242334044376
pseudotext,pseudotext_15,local,v,0.06201858048809928
pseudotext,pseudotext_15,local,e,0.0032728088493150526
pseudotext,pseudotext_15,pairwise,v,0.040916608866719766
pseudotext,pseudotext_15,pairwise,e,0.0027895223399019642
pseudotext,pseudotext_16,global,v,0.2354980774797106
pseudotext,pseudotext_16,global,e,0.001360353314924175
pseudotext,pseudotext_16,local,v,0.04539349501574153
pseudotext,pseudotext_16,local,e,0.0020331919144006907
pseudotext,pseudotext_16,pairwise,v,0.034131373668914625
pseudotext,pseudotext_16,pairwise,e,0.002281476084000602
pseudotext,pseudotext_17,global,v,0.22944301441893367
pseudotext,pseudotext_17,global,e,0.0012368296065723451
pseudotext,pseudotext_17,local,v,0.04199993383132657
pseudotext,pseudotext_17,local,e,0.0018843864700768388
pseudotext,pseudotext_17,pairwise,v,0.03086041011585602
pseudotext,pseudotext_17,pairwise,e,0.0025784010925519766
pseudotext,pseudotext_18,global,v,0.252294074156849
pseudotext,pseudotext_18,global,e,0.001059040334765843
pseudotext,pseudotext_18,local,v,0.04754930368412
pseudotext,pseudotext_18,local,e,0.003170431519430102
pseudotext,pseudotext_18,pairwise,v,0.03701960674825777
pseudotext,pseudotext_18,pairwise,e,0.002481049709433538
pseudotext,pseudotext_19,global,v,0.2670073620918772
pseudotext,pseudotext_19,global,e,0.0011020421720885972
pseudotext,pseudotext_19,local,v,0.06756829969036392
pseudotext,pseudotext_19,local,e,0.002394452320556266
pseudotext,pseudotext_19,pairwise,v,0.047328441312715144
pseudotext,pseudotext_19,pairwise,e,0.002124761394024981
pseudotext,pseudotext_20,global,v,0.2556019792745602
pseudotext,pseudotext_20,global,e,0.001573890420260597
pseudotext,pseudotext_20,local,v,0.05376103854006331
pseudotext,pseudotext_20,local,e,0.004967398929764672
pseudotext,pseudotext_20,pairwise,v,0.03937410982015469
pseudotext,pseudotext_20,pairwise,e,0.002197025696636176
pseudotext,pseudotext_21,global,v,0.24989750708535433
pseudotext,pseudotext_21,global,e,0.0013074754085084482
pseudotext,pseudotext_21,local,v,0.049029973075706876
pseudotext,pseudotext_21,local,e,0.0017851308174802688
pseudotext,pseudotext_21,pairwise,v,0.04823103819943835
pseudotext,pseudotext_21,pairwise,e,0.0017242365056305863
pseudotext,pseudotext_22,global,v,0.22536902208941537
pseudotext,pseudotext_22,global,e,0.001387960014061232
pseudotext,pseudotext_22,local,v,0.03975860382325783
pseudotext,pseudotext_22,local,e,0.0024777524099679625
pseudotext,pseudotext_22,pairwise,v,0.02568118517912783
pseudotext,pseudotext_22,pairwise,e,0.002336623198307093
pseudotext,pseudotext_23,global,v,0.2760081630767176
pseudotext,pseudotext_23,global,e,0.0013743900357170234
pseudotext,pseudotext_23,local,v,0.06361769190624016
pseudotext,pseudotext_23,local,e,0.002870683143397548
pseudotext,pseudotext_23,pairwise,v,0.04555739407126322
pseudotext,pseudotext_23,pairwise,e,0.002041155956940502
pseudotext,pseudotext_24,global,v,0.2513163685766829
pseudotext,pseudotext_24,global,e,0.001396513219266253
pseudotext,pseudotext_24,local,v,0.06395702637575702
pseudotext,pseudotext_24,local,e,0.0038813552479947545
pseudotext,pseudotext_24,pairwise,v,0.04277260533681773
pseudotext,pseudotext_24,pairwise,e,0.002177271873600039
pseudotext,pseudotext_25,global,v,0.2218954250657037
pseudotext,pseudotext_25,global,e,0.0012200195207743147
pseudotext,pseudotext_25,local,v,0.05185049528406081
pseudotext,pseudotext_25,local,e,0.0032457799393004255
pseudotext,pseudotext_25,pairwise,v,0.039208532189925725
pseudotext,pseudotext_25,pairwise,e,0.002750978718666962
pseudotext,pseudotext_26,global,v,0.24730066903116776
pseudotext,pseudotext_26,global,e,0.0011533421185751067
pseudotext,pseudotext_26,local,v,0.048415413952818044
pseudotext,pseudotext_26,local,e,0.002284023868912321
pseudotext,pseudotext_26,pairwise,v,0.03775928462150232
pseudotext,pseudotext_26,pairwise,e,0.0016803263481182564
pseudotext,pseudotext_27,global,v,0.22993728841117453
pseudotext,pseudotext_27,global,e,8.713544613548719e-4
pseudotext,pseudotext_27,local,v,0.04330007797292537
pseudotext,pseudotext_27,local,e,0.0021063384615075164
pseudotext,pseudotext_27,pairwise,v,0.045121506570360806
pseudotext,pseudotext_27,pairwise,e,0.0023571464935820325
pseudotext,pseudotext_28,global,v,0.23760506575272272
pseudotext,pseudotext_28,global,e,0.0010884998877257802
pseudotext,pseudotext_28,local,v,0.03635861375049724
pseudotext,pseudotext_28,local,e,0.0014669227927558643
pseudotext,pseudotext_28,pairwise,v,0.024140621645490832
pseudotext,pseudotext_28,pairwise,e,0.002086484474186695
pseudotext,pseudotext_29,global,v,0.22892790612581412
pseudotext,pseudotext_29,global,e,0.0014500226516140566
pseudotext,pseudotext_29,local,v,0.05152044533555023
pseudotext,pseudotext_29,local,e,0.002704837151601057
pseudotext,pseudotext_29,pairwise,v,0.03363780217594055
pseudotext,pseudotext_29,pairwise,e,0.002040599089633911
pseudotext,pseudotext_30,global,v,0.2714322083212019
pseudotext,pseudotext_30,global,e,9.815851878489349e-4
pseudotext,pseudotext_30,local,v,0.06482066260367512
pseudotext,pseudotext_30,local,e,0.0029620751078090956
pseudotext,pseudotext_30,pairwise,v,0.04976806853259015
pseudotext,pseudotext_30,pairwise,e,0.001610665010983546
pseudotext,pseudotext_31,global,v,0.2678753003162233
pseudotext,pseudotext_31,global,e,0.0010138221762651372
pseudotext,pseudotext_31,local,v,0.06740021921926967
pseudotext,pseudotext_31,local,e,0.0017455901863496603
pseudotext,pseudotext_31,pairwise,v,0.04061578255716008
pseudotext,pseudotext_31,pairwise,e,0.0017509194156171029
pseudotext,pseudotext_32,global,v,0.241155957251495
pseudotext,pseudotext_32,global,e,0.0015477365646429592
pseudotext,pseudotext_32,local,v,0.04911125484899995
pseudotext,pseudotext_32,local,e,0.00262699215804886
pseudotext,pseudotext_32,pairwise,v,0.03918505330551553
pseudotext,pseudotext_32,pairwise,e,0.0023602000126630353
pseudotext,pseudotext_33,global,v,0.26123608738829496
pseudotext,pseudotext_33,global,e,0.0012615338924941207
pseudotext,pseudotext_33,local,v,0.04781712293162119
pseudotext,pseudotext_33,local,e,0.0022553246955778735
pseudotext,pseudotext_33,pairwise,v,0.03896213495204858
pseudotext,pseudotext_33,pairwise,e,0.0024859445506255785
pseudotext,pseudotext_34,global,v,0.24713168233075858
pseudotext,pseudotext_34,global,e,0.0013755103936483168
pseudotext,pseudotext_34,local,v,0.03693966957852575
pseudotext,pseudotext_34,local,e,0.0035356871934577863
pseudotext,pseudotext_34,pairwise,v,0.025910329070442266
pseudotext,pseudotext_34,pairwise,e,0.0023210782037507613
pseudotext,pseudotext_35,global,v,0.24747763060931485
pseudotext,pseudotext_35,global,e,0.001372333061380313
pseudotext,pseudotext_35,local,v,0.06829641733430412
pseudotext,pseudotext_35,local,e,0.0019964819355321474
pseudotext,pseudotext_35,pairwise,v,0.040240258390318376
pseudotext,pseudotext_35,pairwise,e,0.002685278857357186
pseudotext,pseudotext_36,global,v,0.25149439538141655
pseudotext,pseudotext_36,global,e,0.001120920897567458
pseudotext,pseudotext_36,local,v,0.05595538978479742
pseudotext,pseudotext_36,local,e,0.0014927844448433976
pseudotext,pseudotext_36,pairwise,v,0.039565801596244864
pseudotext,pseudotext_36,pairwise,e,0.0017801425483514302
pseudotext,pseudotext_37,global,v,0.22271852869543787
pseudotext,pseudotext_37,global,e,0.0013936004370174308
pseudotext,pseudotext_37,local,v,0.042781466445682134
pseudotext,pseudotext_37,local,e,0.0024250329693394587
pseudotext,pseudotext_37,pairwise,v,0.030629803934486378
pseudotext,pseudotext_37,pairwise,e,0.0026910049699453474
pseudotext,pseudotext_38,global,v,0.23717419614884755
pseudotext,pseudotext_38,global,e,9.159250792826456e-4
pseudotext,pseudotext_38,local,v,0.06237055661280139
pseudotext,pseudotext_38,local,e,0.003418287594399676
pseudotext,pseudotext_38,pairwise,v,0.03566024450664833
pseudotext,pseudotext_38,pairwise,e,0.0017387749948834714
pseudotext,pseudotext_39,global,v,0.2310961650585063
pseudotext,pseudotext_39,global,e,0.0011252525303550402
pseudotext,pseudotext_39,local,v,0.050950374194472264
pseudotext,pseudotext_39,local,e,0.002484510300449398
pseudotext,pseudotext_39,pairwise,v,0.028084832936536748
pseudotext,pseudotext_39,pairwise,e,0.002072441591576185
pseudotext,pseudotext_40,global,v,0.24355689460406896
pseudotext,pseudotext_40,global,e,0.0012449474037697238
pseudotext,pseudotext_40,local,v,0.04431426610399218
pseudotext,pseudotext_40,local,e,0.0034014444053333034
pseudotext,pseudotext_40,pairwise,v,0.030307852232075556
pseudotext,pseudotext_40,pairwise,e,0.002342119795445115
pseudotext,pseudotext_41,global,v,0.2742200563276665
pseudotext,pseudotext_41,global,e,0.0012570397656974865
pseudotext,pseudotext_41,local,v,0.06763835635370823
pseudotext,pseudotext_41,local,e,0.0036274105761177093
pseudotext,pseudotext_41,pairwise,v,0.050663241681377216
pseudotext,pseudotext_41,pairwise,e,0.0026482192011723655
pseudotext,pseudotext_42,global,v,0.23419824470785558
pseudotext,pseudotext_42,global,e,8.195933954138997e-4
pseudotext,pseudotext_42,local,v,0.04686165779612071
pseudotext,pseudotext_42,local,e,0.002351062241504621
pseudotext,pseudotext_42,pairwise,v,0.03210390774330255
pseudotext,pseudotext_42,pairwise,e,0.0026041700084538603
pseudotext,pseudotext_43,global,v,0.24925544295060717
pseudotext,pseudotext_43,global,e,0.0014717798700410033
pseudotext,pseudotext_43,local,v,0.06032571252849891
pseudotext,pseudotext_43,local,e,0.004075687805924089
pseudotext,pseudotext_43,pairwise,v,0.041785058060245656
pseudotext,pseudotext_43,pairwise,e,0.0028121902064681234
pseudotext,pseudotext_44,global,v,0.23848434031295937
pseudotext,pseudotext_44,global,e,0.001009402238141202
pseudotext,pseudotext_44,local,v,0.06186165461421216
pseudotext,pseudotext_44,local,e,0.0023581749753705376
pseudotext,pseudotext_44,pairwise,v,0.050513377570113406
pseudotext,pseudotext_44,pairwise,e,0.001767199589242755
pseudotext,pseudotext_45,global,v,0.2623750721699526
pseudotext,pseudotext_45,global,e,0.001272289806437479
pseudotext,pseudotext_45,local,v,0.0503024218022928
pseudotext,pseudotext_45,local,e,0.003335485458981298
pseudotext,pseudotext_45,pairwise,v,0.04360611862264076
pseudotext,pseudotext_45,pairwise,e,0.0025267582667146573
pseudotext,pseudotext_46,global,v,0.2528790936762639
pseudotext,pseudotext_46,global,e,0.0013512206978863617
pseudotext,pseudotext_46,local,v,0.04860831079902808
pseudotext,pseudotext_46,local,e,0.0029310012727423555
pseudotext,pseudotext_46,pairwise,v,0.0326616386719212
pseudotext,pseudotext_46,pairwise,e,0.002226454510804934
pseudotext,pseudotext_47,global,v,0.2395630413499164
pseudotext,pseudotext_47,global,e,0.001367569947534969
pseudotext,pseudotext_47,local,v,0.06105098893655563
pseudotext,pseudotext_47,local,e,0.0027139772575882903
pseudotext,pseudotext_47,pairwise,v,0.034455207389865974
pseudotext,pseudotext_47,pairwise,e,0.002464841293014598
pseudotext,pseudotext_48,global,v,0.2597650408825488
pseudotext,pseudotext_48,global,e,0.0012147106054111133
pseudotext,pseudotext_48,local,v,0.04095655314138869
pseudotext,pseudotext_48,local,e,0.0026342171607064316
pseudotext,pseudotext_48,pairwise,v,0.03370097969468487
pseudotext,pseudotext_48,pairwise,e,0.0022384930841914032
pseudotext,pseudotext_49,global,v,0.24696803955082325
pseudotext,pseudotext_49,global,e,0.001356118662501289
pseudotext,pseudotext_49,local,v,0.05088068951355284
pseudotext,pseudotext_49,local,e,0.001988235013954884
pseudotext,pseudotext_49,pairwise,v,0.031606144574227356
pseudotext,pseudotext_49,pairwise,e,0.002645821286618134
pseudotext,pseudotext_50,global,v,0.24042142446293913
pseudotext,pseudotext_50,global,e,0.0014115312878801097
pseudotext,pseudotext_50,local,v,0.05016334787560484
pseudotext,pseudotext_50,local,e,0.0018914552043709698
pseudotext,pseudotext_50,pairwise,v,0.038564647968622946
pseudotext,pseudotext_50,pairwise,e,0.002621736102533139
pseudotext,pseudotext_51,global,v,0.24668944686629152
pseudotext,pseudotext_51,global,e,0.0011329733833535503
pseudotext,pseudotext_51,local,v,0.04161684042692836
pseudotext,pseudotext_51,local,e,0.0021489960628612082
pseudotext,pseudotext_51,pairwise,v,0.031166269733691066
pseudotext,pseudotext_51,pairwise,e,0.002433976319744504
pseudotext,pseudotext_52,global,v,0.27934567806662886
pseudotext,pseudotext_52,global,e,0.0014648097269218245
pseudotext,pseudotext_52,local,v,0.06378685226153626
pseudotext,pseudotext_52,local,e,0.002231744067353791
pseudotext,pseudotext_52,pairwise,v,0.03259086473283312
pseudotext,pseudotext_52,pairwise,e,0.002219557899572053
pseudotext,pseudotext_53,global,v,0.21327874302290442
pseudotext,pseudotext_53,global,e,0.0012920563588109575
pseudotext,pseudotext_53,local,v,0.02521394467046641
pseudotext,pseudotext_53,local,e,0.002263777753312745
pseudotext,pseudotext_53,pairwise,v,0.019910527181642896
pseudotext,pseudotext_53,pairwise,e,0.002190748419475381
pseudotext,pseudotext_54,global,v,0.2492165261989789
pseudotext,pseudotext_54,global,e,0.0010782152587883135
pseudotext,pseudotext_54,local,v,0.06305281938702242
pseudotext,pseudotext_54,local,e,0.0023151439333149357
pseudotext,pseudotext_54,pairwise,v,0.03413878828689216
pseudotext,pseudotext_54,pairwise,e,0.0021768199640442016
pseudotext,pseudotext_55,global,v,0.24095745969272034
pseudotext,pseudotext_55,global,e,0.001295239587543119
pseudotext,pseudotext_55,local,v,0.035967123905542464
pseudotext,pseudotext_55,local,e,0.0028455584336862286
pseudotext,pseudotext_55,pairwise,v,0.0324995050243177
pseudotext,pseudotext_55,pairwise,e,0.0032351900106653143
pseudotext,pseudotext_56,global,v,0.23454797339335484
pseudotext,pseudotext_56,global,e,0.001186664455923225
pseudotext,pseudotext_56,local,v,0.04846907564192304
pseudotext,pseudotext_56,local,e,0.0033729502077347795
pseudotext,pseudotext_56,pairwise,v,0.027199628635724803
pseudotext,pseudotext_56,pairwise,e,0.002411406525532033
pseudotext,pseudotext_57,global,v,0.23458037234133797
pseudotext,pseudotext_57,global,e,0.001323829708113084
pseudotext,pseudotext_57,local,v,0.043741369050659853
pseudotext,pseudotext_57,local,e,0.0019524168655182448
pseudotext,pseudotext_57,pairwise,v,0.03519979472273835
pseudotext,pseudotext_57,pairwise,e,0.002364181603175995
pseudotext,pseudotext_58,global,v,0.2535655629742149
pseudotext,pseudotext_58,global,e,0.0010317431017825883
pseudotext,pseudotext_58,local,v,0.04953708481235739
pseudotext,pseudotext_58,local,e,0.0014322546695972524
pseudotext,pseudotext_58,pairwise,v,0.04137977740354534
pseudotext,pseudotext_58,pairwise,e,0.0017947623011738245
pseudotext,pseudotext_59,global,v,0.2577342317650625
pseudotext,pseudotext_59,global,e,0.0010271344008534506
pseudotext,pseudotext_59,local,v,0.05577005258339108
pseudotext,pseudotext_59,local,e,0.0018967468193726775
pseudotext,pseudotext_59,pairwise,v,0.02857866665508937
pseudotext,pseudotext_59,pairwise,e,0.002234590054306693
pseudotext,pseudotext_60,global,v,0.2608468505673733
pseudotext,pseudotext_60,global,e,0.0012498770812403315
pseudotext,pseudotext_60,local,v,0.053265420490221184
pseudotext,pseudotext_60,local,e,0.002154513813204511
pseudotext,pseudotext_60,pairwise,v,0.04596058901388637
pseudotext,pseudotext_60,pairwise,e,0.002239598235417272
slate,data/oanc_xml/slate_Article247_4-hepple_clean.xml,global,v,0.3040113502419792
slate,data/oanc_xml/slate_Article247_4-hepple_clean.xml,global,e,0.001935522634379865
slate,data/oanc_xml/slate_Article247_4-hepple_clean.xml,local,v,0.11508551474256717
slate,data/oanc_xml/slate_Article247_4-hepple_clean.xml,local,e,0.004649599738885454
slate,data/oanc_xml/slate_Article247_4-hepple_clean.xml,pairwise,v,0.10777601817569436
slate,data/oanc_xml/slate_Article247_4-hepple_clean.xml,pairwise,e,0.003789983250741982
slate,data/oanc_xml/slate_Article247_40-hepple_clean.xml,global,v,0.23686575457830517
slate,data/oanc_xml/slate_Article247_40-hepple_clean.xml,global,e,0.0019170735863836578
slate,data/oanc_xml/slate_Article247_40-hepple_clean.xml,local,v,0.027071005917159763
slate,data/oanc_xml/slate_Article247_40-hepple_clean.xml,local,e,0.0022574465008675534
slate,data/oanc_xml/slate_Article247_40-hepple_clean.xml,pairwise,v,0.0516384444016023
slate,data/oanc_xml/slate_Article247_40-hepple_clean.xml,pairwise,e,0.00265141044914999
slate,data/oanc_xml/slate_Article247_42-hepple_clean.xml,global,v,0.2153937728937729
slate,data/oanc_xml/slate_Article247_42-hepple_clean.xml,global,e,0.001560485399335959
slate,data/oanc_xml/slate_Article247_42-hepple_clean.xml,local,v,0.044423076923076926
slate,data/oanc_xml/slate_Article247_42-hepple_clean.xml,local,e,2.4154589371980676e-4
slate,data/oanc_xml/slate_Article247_42-hepple_clean.xml,pairwise,v,0.041955636955636956
slate,data/oanc_xml/slate_Article247_42-hepple_clean.xml,pairwise,e,0.0015825235263010372
slate,data/oanc_xml/slate_Article247_47-hepple_clean.xml,global,v,0.25924587108797637
slate,data/oanc_xml/slate_Article247_47-hepple_clean.xml,global,e,8.07467051541759e-4
slate,data/oanc_xml/slate_Article247_47-hepple_clean.xml,local,v,0.08932748538011696
slate,data/oanc_xml/slate_Article247_47-hepple_clean.xml,local,e,0.002054180590364801
slate,data/oanc_xml/slate_Article247_47-hepple_clean.xml,pairwise,v,0.049802212082913834
slate,data/oanc_xml/slate_Article247_47-hepple_clean.xml,pairwise,e,0.004804580442333235
slate,data/oanc_xml/slate_Article247_5-hepple_clean.xml,global,v,0.21181137923107737
slate,data/oanc_xml/slate_Article247_5-hepple_clean.xml,global,e,9.365322188049963e-4
slate,data/oanc_xml/slate_Article247_5-hepple_clean.xml,local,v,0.08520031077596867
slate,data/oanc_xml/slate_Article247_5-hepple_clean.xml,local,e,0.00178656220322887
slate,data/oanc_xml/slate_Article247_5-hepple_clean.xml,pairwise,v,0.07142138801009443
slate,data/oanc_xml/slate_Article247_5-hepple_clean.xml,pairwise,e,0.0015608369445602995
slate,data/oanc_xml/slate_Article247_55-hepple_clean.xml,global,v,0.24674712132906113
slate,data/oanc_xml/slate_Article247_55-hepple_clean.xml,global,e,0.0015007217371875237
slate,data/oanc_xml/slate_Article247_55-hepple_clean.xml,local,v,0.029201846091478197
slate,data/oanc_xml/slate_Article247_55-hepple_clean.xml,local,e,0.0011506092251433867
slate,data/oanc_xml/slate_Article247_55-hepple_clean.xml,pairwise,v,0.050336418814679686
slate,data/oanc_xml/slate_Article247_55-hepple_clean.xml,pairwise,e,0.0012322731874013925
slate,data/oanc_xml/slate_Article247_61-hepple_clean.xml,global,v,0.28612076972969175
slate,data/oanc_xml/slate_Article247_61-hepple_clean.xml,global,e,0.0024513221720764257
slate,data/oanc_xml/slate_Article247_61-hepple_clean.xml,local,v,0.06929900907173635
slate,data/oanc_xml/slate_Article247_61-hepple_clean.xml,local,e,0.0017681011798658856
slate,data/oanc_xml/slate_Article247_61-hepple_clean.xml,pairwise,v,0.0455136674354505
slate,data/oanc_xml/slate_Article247_61-hepple_clean.xml,pairwise,e,0.004723031579043043
slate,data/oanc_xml/slate_Article247_62-hepple_clean.xml,global,v,0.24777021107235012
slate,data/oanc_xml/slate_Article247_62-hepple_clean.xml,global,e,0.004555215163103725
slate,data/oanc_xml/slate_Article247_62-hepple_clean.xml,local,v,0.09270097104321703
slate,data/oanc_xml/slate_Article247_62-hepple_clean.xml,local,e,0.0018703784254023488
slate,data/oanc_xml/slate_Article247_62-hepple_clean.xml,pairwise,v,0.060619122975883864
slate,data/oanc_xml/slate_Article247_62-hepple_clean.xml,pairwise,e,0.0021274488481778093
slate,data/oanc_xml/slate_Article247_63-hepple_clean.xml,global,v,0.34105688218591446
slate,data/oanc_xml/slate_Article247_63-hepple_clean.xml,global,e,0.002337657515073557
slate,data/oanc_xml/slate_Article247_63-hepple_clean.xml,local,v,0.10766245403342177
slate,data/oanc_xml/slate_Article247_63-hepple_clean.xml,local,e,0.003458751209175657
slate,data/oanc_xml/slate_Article247_63-hepple_clean.xml,pairwise,v,0.07047099256776676
slate,data/oanc_xml/slate_Article247_63-hepple_clean.xml,pairwise,e,0.003590992998451992
slate,data/oanc_xml/slate_Article247_66-hepple_clean.xml,global,v,0.324178513375346
slate,data/oanc_xml/slate_Article247_66-hepple_clean.xml,global,e,0.0017740081222047388
slate,data/oanc_xml/slate_Article247_66-hepple_clean.xml,local,v,0.06908002128590364
slate,data/oanc_xml/slate_Article247_66-hepple_clean.xml,local,e,0.003031405039741531
slate,data/oanc_xml/slate_Article247_66-hepple_clean.xml,pairwise,v,0.08780092533664813
slate,data/oanc_xml/slate_Article247_66-hepple_clean.xml,pairwise,e,0.004720553696726683
